Country Name,Country Code,Series Name,Series Code,2019 [YR2019]
Afghanistan,AFG,Population growth (annual %),SP.POP.GROW,2.90852909268743
Afghanistan,AFG,GDP per capita (current US$),NY.GDP.PCAP.CD,500.522664145294
Albania,ALB,Population growth (annual %),SP.POP.GROW,-0.426007367032238
Albania,ALB,GDP per capita (current US$),NY.GDP.PCAP.CD,5396.21586434732
Algeria,DZA,Population growth (annual %),SP.POP.GROW,1.83944488568624
Algeria,DZA,GDP per capita (current US$),NY.GDP.PCAP.CD,4022.15018374716
Andorra,AND,Population growth (annual %),SP.POP.GROW,1.75749125736997
Andorra,AND,GDP per capita (current US$),NY.GDP.PCAP.CD,41327.5020305489
Angola,AGO,Population growth (annual %),SP.POP.GROW,3.39527779197097
Angola,AGO,GDP per capita (current US$),NY.GDP.PCAP.CD,2142.23875712854
Antigua and Barbuda,ATG,Population growth (annual %),SP.POP.GROW,0.534443400511753
Antigua and Barbuda,ATG,GDP per capita (current US$),NY.GDP.PCAP.CD,18319.4560540762
Argentina,ARG,Population growth (annual %),SP.POP.GROW,0.993397493293046
Argentina,ARG,GDP per capita (current US$),NY.GDP.PCAP.CD,9963.6725062053
Armenia,ARM,Population growth (annual %),SP.POP.GROW,-0.564065542556681
Armenia,ARM,GDP per capita (current US$),NY.GDP.PCAP.CD,4828.50517771789
Australia,AUS,Population growth (annual %),SP.POP.GROW,1.48520844681971
Australia,AUS,GDP per capita (current US$),NY.GDP.PCAP.CD,54941.4341793948
Austria,AUT,Population growth (annual %),SP.POP.GROW,0.444673639004876
Austria,AUT,GDP per capita (current US$),NY.GDP.PCAP.CD,50070.4033482901
Azerbaijan,AZE,Population growth (annual %),SP.POP.GROW,0.846646726414021
Azerbaijan,AZE,GDP per capita (current US$),NY.GDP.PCAP.CD,4805.75371765917
"Bahamas, The",BHS,Population growth (annual %),SP.POP.GROW,0.657441084996389
"Bahamas, The",BHS,GDP per capita (current US$),NY.GDP.PCAP.CD,32610.4850490784
Bahrain,BHR,Population growth (annual %),SP.POP.GROW,0.459362584678761
Bahrain,BHR,GDP per capita (current US$),NY.GDP.PCAP.CD,25869.1129129041
Bangladesh,BGD,Population growth (annual %),SP.POP.GROW,1.1131724900167
Bangladesh,BGD,GDP per capita (current US$),NY.GDP.PCAP.CD,2122.07885124799
Barbados,BRB,Population growth (annual %),SP.POP.GROW,0.175755759089405
Barbados,BRB,GDP per capita (current US$),NY.GDP.PCAP.CD,19002.9623813263
Belarus,BLR,Population growth (annual %),SP.POP.GROW,-0.201786600970723
Belarus,BLR,GDP per capita (current US$),NY.GDP.PCAP.CD,6837.71782606351
Belgium,BEL,Population growth (annual %),SP.POP.GROW,0.540461327098122
Belgium,BEL,GDP per capita (current US$),NY.GDP.PCAP.CD,46638.6813054855
Belize,BLZ,Population growth (annual %),SP.POP.GROW,1.82301611890652
Belize,BLZ,GDP per capita (current US$),NY.GDP.PCAP.CD,6210.56554311929
Benin,BEN,Population growth (annual %),SP.POP.GROW,2.88707408493347
Benin,BEN,GDP per capita (current US$),NY.GDP.PCAP.CD,1170.96553298099
Bhutan,BTN,Population growth (annual %),SP.POP.GROW,0.701252583573764
Bhutan,BTN,GDP per capita (current US$),NY.GDP.PCAP.CD,3303.96421053812
Bolivia,BOL,Population growth (annual %),SP.POP.GROW,1.45750439141779
Bolivia,BOL,GDP per capita (current US$),NY.GDP.PCAP.CD,3472.38083075685
Bosnia and Herzegovina,BIH,Population growth (annual %),SP.POP.GROW,-1.16608133465016
Bosnia and Herzegovina,BIH,GDP per capita (current US$),NY.GDP.PCAP.CD,6011.37067052755
Botswana,BWA,Population growth (annual %),SP.POP.GROW,1.95085634796209
Botswana,BWA,GDP per capita (current US$),NY.GDP.PCAP.CD,6679.16767381458
Brazil,BRA,Population growth (annual %),SP.POP.GROW,0.766107802084815
Brazil,BRA,GDP per capita (current US$),NY.GDP.PCAP.CD,8845.25911841876
Brunei Darussalam,BRN,Population growth (annual %),SP.POP.GROW,0.865282211615446
Brunei Darussalam,BRN,GDP per capita (current US$),NY.GDP.PCAP.CD,30748.7374865551
Bulgaria,BGR,Population growth (annual %),SP.POP.GROW,-0.703905641117455
Bulgaria,BGR,GDP per capita (current US$),NY.GDP.PCAP.CD,9879.33434282707
Burkina Faso,BFA,Population growth (annual %),SP.POP.GROW,2.70387556725288
Burkina Faso,BFA,GDP per capita (current US$),NY.GDP.PCAP.CD,772.166894917835
Burundi,BDI,Population growth (annual %),SP.POP.GROW,3.26424857025887
Burundi,BDI,GDP per capita (current US$),NY.GDP.PCAP.CD,216.972968085123
Cabo Verde,CPV,Population growth (annual %),SP.POP.GROW,1.01513458042928
Cabo Verde,CPV,GDP per capita (current US$),NY.GDP.PCAP.CD,3434.56274492859
Cambodia,KHM,Population growth (annual %),SP.POP.GROW,1.13244216195679
Cambodia,KHM,GDP per capita (current US$),NY.GDP.PCAP.CD,1671.38538492515
Cameroon,CMR,Population growth (annual %),SP.POP.GROW,2.7748797807221
Cameroon,CMR,GDP per capita (current US$),NY.GDP.PCAP.CD,1538.68794663506
Canada,CAN,Population growth (annual %),SP.POP.GROW,1.43613682316886
Canada,CAN,GDP per capita (current US$),NY.GDP.PCAP.CD,46328.6718408497
Central African Republic,CAF,Population growth (annual %),SP.POP.GROW,2.22336107125156
Central African Republic,CAF,GDP per capita (current US$),NY.GDP.PCAP.CD,426.408762581226
Chad,TCD,Population growth (annual %),SP.POP.GROW,3.29458272753979
Chad,TCD,GDP per capita (current US$),NY.GDP.PCAP.CD,701.621216594764
Chile,CHL,Population growth (annual %),SP.POP.GROW,1.7913919716665
Chile,CHL,GDP per capita (current US$),NY.GDP.PCAP.CD,14631.9468779229
China,CHN,Population growth (annual %),SP.POP.GROW,0.354740890170827
China,CHN,GDP per capita (current US$),NY.GDP.PCAP.CD,10143.8381955585
Colombia,COL,Population growth (annual %),SP.POP.GROW,1.83074694246543
Colombia,COL,GDP per capita (current US$),NY.GDP.PCAP.CD,6438.06018290435
Comoros,COM,Population growth (annual %),SP.POP.GROW,1.87244791212477
Comoros,COM,GDP per capita (current US$),NY.GDP.PCAP.CD,1510.79735809965
"Congo, Dem. Rep.",COD,Population growth (annual %),SP.POP.GROW,3.18628838899818
"Congo, Dem. Rep.",COD,GDP per capita (current US$),NY.GDP.PCAP.CD,575.882790805511
Costa Rica,CRI,Population growth (annual %),SP.POP.GROW,0.865128346659953
Costa Rica,CRI,GDP per capita (current US$),NY.GDP.PCAP.CD,12669.341068679
Cote d'Ivoire,CIV,Population growth (annual %),SP.POP.GROW,2.53128744560298
Cote d'Ivoire,CIV,GDP per capita (current US$),NY.GDP.PCAP.CD,2238.81100489009
Croatia,HRV,Population growth (annual %),SP.POP.GROW,-0.554146739042888
Croatia,HRV,GDP per capita (current US$),NY.GDP.PCAP.CD,15331.8830536722
Cuba,CUB,Population growth (annual %),SP.POP.GROW,-0.101983052203958
Cuba,CUB,GDP per capita (current US$),NY.GDP.PCAP.CD,9139.41585605765
Cyprus,CYP,Population growth (annual %),SP.POP.GROW,0.817517719721429
Cyprus,CYP,GDP per capita (current US$),NY.GDP.PCAP.CD,29417.138671875
Czechia,CZE,Population growth (annual %),SP.POP.GROW,0.393788864202175
Czechia,CZE,GDP per capita (current US$),NY.GDP.PCAP.CD,23664.8478631108
"Korea, Dem. People's Rep.",PRK,Population growth (annual %),SP.POP.GROW,0.456446820087896
"Korea, Dem. People's Rep.",PRK,GDP per capita (current US$),NY.GDP.PCAP.CD,..
"Congo, Rep.",COG,Population growth (annual %),SP.POP.GROW,2.355238072353
"Congo, Rep.",COG,GDP per capita (current US$),NY.GDP.PCAP.CD,2288.80813763495
Denmark,DNK,Population growth (annual %),SP.POP.GROW,0.358130915892652
Denmark,DNK,GDP per capita (current US$),NY.GDP.PCAP.CD,59592.9806886454
Djibouti,DJI,Population growth (annual %),SP.POP.GROW,1.57623975223144
Djibouti,DJI,GDP per capita (current US$),NY.GDP.PCAP.CD,2876.04366371536
Dominica,DMA,Population growth (annual %),SP.POP.GROW,0.850614263332306
Dominica,DMA,GDP per capita (current US$),NY.GDP.PCAP.CD,8561.58701121461
Dominican Republic,DOM,Population growth (annual %),SP.POP.GROW,1.07497482890671
Dominican Republic,DOM,GDP per capita (current US$),NY.GDP.PCAP.CD,8173.33800656006
Ecuador,ECU,Population growth (annual %),SP.POP.GROW,1.90968326333656
Ecuador,ECU,GDP per capita (current US$),NY.GDP.PCAP.CD,6233.25816692363
"Egypt, Arab Rep.",EGY,Population growth (annual %),SP.POP.GROW,1.79400212546566
"Egypt, Arab Rep.",EGY,GDP per capita (current US$),NY.GDP.PCAP.CD,2869.57658843903
El Salvador,SLV,Population growth (annual %),SP.POP.GROW,0.0617207329334854
El Salvador,SLV,GDP per capita (current US$),NY.GDP.PCAP.CD,4280.28840404719
Equatorial Guinea,GNQ,Population growth (annual %),SP.POP.GROW,3.33503679402461
Equatorial Guinea,GNQ,GDP per capita (current US$),NY.GDP.PCAP.CD,7317.39018853546
Eritrea,ERI,Population growth (annual %),SP.POP.GROW,1.53927354632927
Eritrea,ERI,GDP per capita (current US$),NY.GDP.PCAP.CD,..
Estonia,EST,Population growth (annual %),SP.POP.GROW,0.371554389037477
Estonia,EST,GDP per capita (current US$),NY.GDP.PCAP.CD,23424.4847073518
Eswatini,SWZ,Population growth (annual %),SP.POP.GROW,0.788402227821078
Eswatini,SWZ,GDP per capita (current US$),NY.GDP.PCAP.CD,3843.3773913814
Ethiopia,ETH,Population growth (annual %),SP.POP.GROW,2.656010133459
Ethiopia,ETH,GDP per capita (current US$),NY.GDP.PCAP.CD,840.449451464836
Fiji,FJI,Population growth (annual %),SP.POP.GROW,-0.0577971466911964
Fiji,FJI,GDP per capita (current US$),NY.GDP.PCAP.CD,5968.30055949885
Finland,FIN,Population growth (annual %),SP.POP.GROW,0.110191690491055
Finland,FIN,GDP per capita (current US$),NY.GDP.PCAP.CD,48629.8582283032
France,FRA,Population growth (annual %),SP.POP.GROW,0.341374143157509
France,FRA,GDP per capita (current US$),NY.GDP.PCAP.CD,40494.8982936276
Gabon,GAB,Population growth (annual %),SP.POP.GROW,2.28985536531904
Gabon,GAB,GDP per capita (current US$),NY.GDP.PCAP.CD,7523.8622784598
"Gambia, The",GMB,Population growth (annual %),SP.POP.GROW,2.58268676641821
"Gambia, The",GMB,GDP per capita (current US$),NY.GDP.PCAP.CD,722.874793145171
Georgia,GEO,Population growth (annual %),SP.POP.GROW,-0.171565740223868
Georgia,GEO,GDP per capita (current US$),NY.GDP.PCAP.CD,4696.15058555612
Germany,DEU,Population growth (annual %),SP.POP.GROW,0.22551987421288
Germany,DEU,GDP per capita (current US$),NY.GDP.PCAP.CD,46793.6867616004
Ghana,GHA,Population growth (annual %),SP.POP.GROW,2.08893118401294
Ghana,GHA,GDP per capita (current US$),NY.GDP.PCAP.CD,2167.91158941087
Greece,GRC,Population growth (annual %),SP.POP.GROW,-0.105339392724138
Greece,GRC,GDP per capita (current US$),NY.GDP.PCAP.CD,19144.284387556
Grenada,GRD,Population growth (annual %),SP.POP.GROW,0.724563813014991
Grenada,GRD,GDP per capita (current US$),NY.GDP.PCAP.CD,9887.92074235834
Guatemala,GTM,Population growth (annual %),SP.POP.GROW,1.56038604781094
Guatemala,GTM,GDP per capita (current US$),NY.GDP.PCAP.CD,4647.69334663252
Guinea,GIN,Population growth (annual %),SP.POP.GROW,2.5376470778001
Guinea,GIN,GDP per capita (current US$),NY.GDP.PCAP.CD,1043.8998820932
Guinea-Bissau,GNB,Population growth (annual %),SP.POP.GROW,2.33629046990663
Guinea-Bissau,GNB,GDP per capita (current US$),NY.GDP.PCAP.CD,730.611448705215
Guyana,GUY,Population growth (annual %),SP.POP.GROW,1.67134809737405
Guyana,GUY,GDP per capita (current US$),NY.GDP.PCAP.CD,6477.29672607993
Haiti,HTI,Population growth (annual %),SP.POP.GROW,1.33513859245585
Haiti,HTI,GDP per capita (current US$),NY.GDP.PCAP.CD,1324.84400548618
Honduras,HND,Population growth (annual %),SP.POP.GROW,1.68069668453135
Honduras,HND,GDP per capita (current US$),NY.GDP.PCAP.CD,2519.37019370185
Hungary,HUN,Population growth (annual %),SP.POP.GROW,-0.0452557101106228
Hungary,HUN,GDP per capita (current US$),NY.GDP.PCAP.CD,16782.9524639857
Iceland,ISL,Population growth (annual %),SP.POP.GROW,2.19893225826166
Iceland,ISL,GDP per capita (current US$),NY.GDP.PCAP.CD,68853.71521658
India,IND,Population growth (annual %),SP.POP.GROW,1.02531077187097
India,IND,GDP per capita (current US$),NY.GDP.PCAP.CD,2047.23270433512
Indonesia,IDN,Population growth (annual %),SP.POP.GROW,0.937689273635294
Indonesia,IDN,GDP per capita (current US$),NY.GDP.PCAP.CD,4151.22754296453
"Iran, Islamic Rep.",IRN,Population growth (annual %),SP.POP.GROW,1.0995932626289
"Iran, Islamic Rep.",IRN,GDP per capita (current US$),NY.GDP.PCAP.CD,3277.875595507
Iraq,IRQ,Population growth (annual %),SP.POP.GROW,2.36838831392184
Iraq,IRQ,GDP per capita (current US$),NY.GDP.PCAP.CD,5621.18169491752
Ireland,IRL,Population growth (annual %),SP.POP.GROW,1.36762695363797
Ireland,IRL,GDP per capita (current US$),NY.GDP.PCAP.CD,80927.0746710666
Israel,ISR,Population growth (annual %),SP.POP.GROW,1.90898263957994
Israel,ISR,GDP per capita (current US$),NY.GDP.PCAP.CD,44452.2325623093
Italy,ITA,Population growth (annual %),SP.POP.GROW,-1.15302842389952
Italy,ITA,GDP per capita (current US$),NY.GDP.PCAP.CD,33673.7509627421
Jamaica,JAM,Population growth (annual %),SP.POP.GROW,0.0688992221522009
Jamaica,JAM,GDP per capita (current US$),NY.GDP.PCAP.CD,5626.17117652759
Japan,JPN,Population growth (annual %),SP.POP.GROW,-0.140464977878172
Japan,JPN,GDP per capita (current US$),NY.GDP.PCAP.CD,40458.0018755824
Jordan,JOR,Population growth (annual %),SP.POP.GROW,2.25750975365016
Jordan,JOR,GDP per capita (current US$),NY.GDP.PCAP.CD,4205.56365350106
Kazakhstan,KAZ,Population growth (annual %),SP.POP.GROW,1.28960848954226
Kazakhstan,KAZ,GDP per capita (current US$),NY.GDP.PCAP.CD,9812.5958082732
Kenya,KEN,Population growth (annual %),SP.POP.GROW,1.97845694844255
Kenya,KEN,GDP per capita (current US$),NY.GDP.PCAP.CD,1970.10514317888
Kiribati,KIR,Population growth (annual %),SP.POP.GROW,1.60651238884126
Kiribati,KIR,GDP per capita (current US$),NY.GDP.PCAP.CD,1432.17898537689
Kuwait,KWT,Population growth (annual %),SP.POP.GROW,2.82985240186539
Kuwait,KWT,GDP per capita (current US$),NY.GDP.PCAP.CD,30667.3482202553
Kyrgyz Republic,KGZ,Population growth (annual %),SP.POP.GROW,2.08787614010317
Kyrgyz Republic,KGZ,GDP per capita (current US$),NY.GDP.PCAP.CD,1374.03210467421
Lao PDR,LAO,Population growth (annual %),SP.POP.GROW,1.49540481526456
Lao PDR,LAO,GDP per capita (current US$),NY.GDP.PCAP.CD,2598.50552320723
Latvia,LVA,Population growth (annual %),SP.POP.GROW,-0.695239140136066
Latvia,LVA,GDP per capita (current US$),NY.GDP.PCAP.CD,17945.2222164984
Lebanon,LBN,Population growth (annual %),SP.POP.GROW,-2.87986589552119
Lebanon,LBN,GDP per capita (current US$),NY.GDP.PCAP.CD,8985.57249887356
Lesotho,LSO,Population growth (annual %),SP.POP.GROW,1.25167812193172
Lesotho,LSO,GDP per capita (current US$),NY.GDP.PCAP.CD,1102.56486953249
Liberia,LBR,Population growth (annual %),SP.POP.GROW,1.94236198013985
Liberia,LBR,GDP per capita (current US$),NY.GDP.PCAP.CD,665.878447568436
Libya,LBY,Population growth (annual %),SP.POP.GROW,1.39951441440416
Libya,LBY,GDP per capita (current US$),NY.GDP.PCAP.CD,10542.1492864798
Liechtenstein,LIE,Population growth (annual %),SP.POP.GROW,0.78525898208049
Liechtenstein,LIE,GDP per capita (current US$),NY.GDP.PCAP.CD,167019.618092859
Lithuania,LTU,Population growth (annual %),SP.POP.GROW,-0.264704354944785
Lithuania,LTU,GDP per capita (current US$),NY.GDP.PCAP.CD,19595.1415724355
Luxembourg,LUX,Population growth (annual %),SP.POP.GROW,1.9628449198635
Luxembourg,LUX,GDP per capita (current US$),NY.GDP.PCAP.CD,112621.821337404
Madagascar,MDG,Population growth (annual %),SP.POP.GROW,2.52531662828285
Madagascar,MDG,GDP per capita (current US$),NY.GDP.PCAP.CD,512.279659659088
Malawi,MWI,Population growth (annual %),SP.POP.GROW,2.68285756018368
Malawi,MWI,GDP per capita (current US$),NY.GDP.PCAP.CD,584.362867276266
Malaysia,MYS,Population growth (annual %),SP.POP.GROW,1.24151463105699
Malaysia,MYS,GDP per capita (current US$),NY.GDP.PCAP.CD,11132.0239344924
Maldives,MDV,Population growth (annual %),SP.POP.GROW,2.96723053964137
Maldives,MDV,GDP per capita (current US$),NY.GDP.PCAP.CD,11118.5565375032
Mali,MLI,Population growth (annual %),SP.POP.GROW,3.12666991376831
Mali,MLI,GDP per capita (current US$),NY.GDP.PCAP.CD,840.175765032737
Malta,MLT,Population growth (annual %),SP.POP.GROW,3.93135631850717
Malta,MLT,GDP per capita (current US$),NY.GDP.PCAP.CD,31198.2414453028
Marshall Islands,MHL,Population growth (annual %),SP.POP.GROW,-2.78025337337267
Marshall Islands,MHL,GDP per capita (current US$),NY.GDP.PCAP.CD,5188.97111429082
Mauritania,MRT,Population growth (annual %),SP.POP.GROW,2.6146547551014
Mauritania,MRT,GDP per capita (current US$),NY.GDP.PCAP.CD,1839.964449578
Mauritius,MUS,Population growth (annual %),SP.POP.GROW,0.0322400432027594
Mauritius,MUS,GDP per capita (current US$),NY.GDP.PCAP.CD,11405.7268191397
Mexico,MEX,Population growth (annual %),SP.POP.GROW,0.860265089734684
Mexico,MEX,GDP per capita (current US$),NY.GDP.PCAP.CD,10145.1701829207
"Micronesia, Fed. Sts.",FSM,Population growth (annual %),SP.POP.GROW,0.404844283265269
"Micronesia, Fed. Sts.",FSM,GDP per capita (current US$),NY.GDP.PCAP.CD,3699.08151446862
Monaco,MCO,Population growth (annual %),SP.POP.GROW,0.0135020185722688
Monaco,MCO,GDP per capita (current US$),NY.GDP.PCAP.CD,199377.481831603
Mongolia,MNG,Population growth (annual %),SP.POP.GROW,2.13999709629328
Mongolia,MNG,GDP per capita (current US$),NY.GDP.PCAP.CD,4394.94714713374
Montenegro,MNE,Population growth (annual %),SP.POP.GROW,-0.0319870125812963
Montenegro,MNE,GDP per capita (current US$),NY.GDP.PCAP.CD,8909.65333601178
Morocco,MAR,Population growth (annual %),SP.POP.GROW,1.04358412669917
Morocco,MAR,GDP per capita (current US$),NY.GDP.PCAP.CD,3498.57397460938
Mozambique,MOZ,Population growth (annual %),SP.POP.GROW,2.88656653514774
Mozambique,MOZ,GDP per capita (current US$),NY.GDP.PCAP.CD,508.163674567861
Myanmar,MMR,Population growth (annual %),SP.POP.GROW,0.70799909760206
Myanmar,MMR,GDP per capita (current US$),NY.GDP.PCAP.CD,1295.2014475589
Namibia,NAM,Population growth (annual %),SP.POP.GROW,1.68846817343864
Namibia,NAM,GDP per capita (current US$),NY.GDP.PCAP.CD,5126.17614357634
Nauru,NRU,Population growth (annual %),SP.POP.GROW,1.72934140105098
Nauru,NRU,GDP per capita (current US$),NY.GDP.PCAP.CD,9786.02652564979
Nepal,NPL,Population growth (annual %),SP.POP.GROW,1.13635160669166
Nepal,NPL,GDP per capita (current US$),NY.GDP.PCAP.CD,1185.68267540752
Netherlands,NLD,Population growth (annual %),SP.POP.GROW,0.65507157480522
Netherlands,NLD,GDP per capita (current US$),NY.GDP.PCAP.CD,52476.2732533327
New Zealand,NZL,Population growth (annual %),SP.POP.GROW,1.59115889619722
New Zealand,NZL,GDP per capita (current US$),NY.GDP.PCAP.CD,42865.233643554
Nicaragua,NIC,Population growth (annual %),SP.POP.GROW,1.38548472522896
Nicaragua,NIC,GDP per capita (current US$),NY.GDP.PCAP.CD,1890.27306467363
Niger,NER,Population growth (annual %),SP.POP.GROW,3.76544488542259
Niger,NER,GDP per capita (current US$),NY.GDP.PCAP.CD,550.963555536013
Nigeria,NGA,Population growth (annual %),SP.POP.GROW,2.44820069834557
Nigeria,NGA,GDP per capita (current US$),NY.GDP.PCAP.CD,2204.18157415589
North Macedonia,MKD,Population growth (annual %),SP.POP.GROW,0.022971838409121
North Macedonia,MKD,GDP per capita (current US$),NY.GDP.PCAP.CD,6070.38805358275
Norway,NOR,Population growth (annual %),SP.POP.GROW,0.675061373245644
Norway,NOR,GDP per capita (current US$),NY.GDP.PCAP.CD,75719.7528965342
Oman,OMN,Population growth (annual %),SP.POP.GROW,0.0350068045198641
Oman,OMN,GDP per capita (current US$),NY.GDP.PCAP.CD,19132.1522739094
Pakistan,PAK,Population growth (annual %),SP.POP.GROW,1.6079813474837
Pakistan,PAK,GDP per capita (current US$),NY.GDP.PCAP.CD,1437.16590678288
Palau,PLW,Population growth (annual %),SP.POP.GROW,0.290665380719677
Palau,PLW,GDP per capita (current US$),NY.GDP.PCAP.CD,15567.0908684974
Panama,PAN,Population growth (annual %),SP.POP.GROW,1.60228973055272
Panama,PAN,GDP per capita (current US$),NY.GDP.PCAP.CD,15826.0823544866
Papua New Guinea,PNG,Population growth (annual %),SP.POP.GROW,2.26018781066996
Papua New Guinea,PNG,GDP per capita (current US$),NY.GDP.PCAP.CD,2593.80465015989
Paraguay,PRY,Population growth (annual %),SP.POP.GROW,1.33657480808218
Paraguay,PRY,GDP per capita (current US$),NY.GDP.PCAP.CD,5807.83879407975
Peru,PER,Population growth (annual %),SP.POP.GROW,1.90972560807882
Peru,PER,GDP per capita (current US$),NY.GDP.PCAP.CD,6955.80995882668
Philippines,PHL,Population growth (annual %),SP.POP.GROW,1.65518369204871
Philippines,PHL,GDP per capita (current US$),NY.GDP.PCAP.CD,3413.84792378255
Poland,POL,Population growth (annual %),SP.POP.GROW,-0.0244271070993493
Poland,POL,GDP per capita (current US$),NY.GDP.PCAP.CD,15699.9113500703
Portugal,PRT,Population growth (annual %),SP.POP.GROW,0.0237334946497115
Portugal,PRT,GDP per capita (current US$),NY.GDP.PCAP.CD,23330.817288932
Qatar,QAT,Population growth (annual %),SP.POP.GROW,1.45331728352711
Qatar,QAT,GDP per capita (current US$),NY.GDP.PCAP.CD,62637.2751084291
"Korea, Rep.",KOR,Population growth (annual %),SP.POP.GROW,0.347874968577526
"Korea, Rep.",KOR,GDP per capita (current US$),NY.GDP.PCAP.CD,31902.4169048194
Moldova,MDA,Population growth (annual %),SP.POP.GROW,-1.60031653578231
Moldova,MDA,GDP per capita (current US$),NY.GDP.PCAP.CD,4493.37030323867
Romania,ROU,Population growth (annual %),SP.POP.GROW,-0.526814821936341
Romania,ROU,GDP per capita (current US$),NY.GDP.PCAP.CD,12958.0755553785
Russian Federation,RUS,Population growth (annual %),SP.POP.GROW,-0.0495686654330689
Russian Federation,RUS,GDP per capita (current US$),NY.GDP.PCAP.CD,11536.2509765625
Rwanda,RWA,Population growth (annual %),SP.POP.GROW,2.39079436618151
Rwanda,RWA,GDP per capita (current US$),NY.GDP.PCAP.CD,806.879981050775
St. Kitts and Nevis,KNA,Population growth (annual %),SP.POP.GROW,-0.102646830627199
St. Kitts and Nevis,KNA,GDP per capita (current US$),NY.GDP.PCAP.CD,23219.3314206225
St. Lucia,LCA,Population growth (annual %),SP.POP.GROW,0.389934037054534
St. Lucia,LCA,GDP per capita (current US$),NY.GDP.PCAP.CD,11726.7697662964
St. Vincent and the Grenadines,VCT,Population growth (annual %),SP.POP.GROW,-0.339668745500942
St. Vincent and the Grenadines,VCT,GDP per capita (current US$),NY.GDP.PCAP.CD,8674.37100857481
Samoa,WSM,Population growth (annual %),SP.POP.GROW,1.04553544180183
Samoa,WSM,GDP per capita (current US$),NY.GDP.PCAP.CD,4308.27275342784
San Marino,SMR,Population growth (annual %),SP.POP.GROW,0.0643896179357351
San Marino,SMR,GDP per capita (current US$),NY.GDP.PCAP.CD,47287.3983949924
Sao Tome and Principe,STP,Population growth (annual %),SP.POP.GROW,1.52840326719874
Sao Tome and Principe,STP,GDP per capita (current US$),NY.GDP.PCAP.CD,1991.73826385183
Saudi Arabia,SAU,Population growth (annual %),SP.POP.GROW,2.28458901092139
Saudi Arabia,SAU,GDP per capita (current US$),NY.GDP.PCAP.CD,22430.238229402
Senegal,SEN,Population growth (annual %),SP.POP.GROW,2.69763115886709
Senegal,SEN,GDP per capita (current US$),NY.GDP.PCAP.CD,1462.35433280275
Serbia,SRB,Population growth (annual %),SP.POP.GROW,-0.536610017822353
Serbia,SRB,GDP per capita (current US$),NY.GDP.PCAP.CD,7417.20364852201
Seychelles,SYC,Population growth (annual %),SP.POP.GROW,0.887925293341637
Seychelles,SYC,GDP per capita (current US$),NY.GDP.PCAP.CD,17253.5056614424
Sierra Leone,SLE,Population growth (annual %),SP.POP.GROW,2.33284062492806
Sierra Leone,SLE,GDP per capita (current US$),NY.GDP.PCAP.CD,506.606894364098
Singapore,SGP,Population growth (annual %),SP.POP.GROW,1.14428330688929
Singapore,SGP,GDP per capita (current US$),NY.GDP.PCAP.CD,65831.1894308765
Slovak Republic,SVK,Population growth (annual %),SP.POP.GROW,0.135328072840865
Slovak Republic,SVK,GDP per capita (current US$),NY.GDP.PCAP.CD,19383.4810445228
Slovenia,SVN,Population growth (annual %),SP.POP.GROW,0.696304046333357
Slovenia,SVN,GDP per capita (current US$),NY.GDP.PCAP.CD,26016.078683914
Solomon Islands,SLB,Population growth (annual %),SP.POP.GROW,2.36010120913781
Solomon Islands,SLB,GDP per capita (current US$),NY.GDP.PCAP.CD,2398.77275659429
Somalia,SOM,Population growth (annual %),SP.POP.GROW,3.63316490449428
Somalia,SOM,GDP per capita (current US$),NY.GDP.PCAP.CD,405.786763279583
South Africa,ZAF,Population growth (annual %),SP.POP.GROW,1.29507386292128
South Africa,ZAF,GDP per capita (current US$),NY.GDP.PCAP.CD,6688.78727128797
South Sudan,SSD,Population growth (annual %),SP.POP.GROW,0.502203354157719
South Sudan,SSD,GDP per capita (current US$),NY.GDP.PCAP.CD,..
Spain,ESP,Population growth (annual %),SP.POP.GROW,0.717715637103499
Spain,ESP,GDP per capita (current US$),NY.GDP.PCAP.CD,29581.5185513299
Sri Lanka,LKA,Population growth (annual %),SP.POP.GROW,0.611875945764341
Sri Lanka,LKA,GDP per capita (current US$),NY.GDP.PCAP.CD,4082.69461963515
Sudan,SDN,Population growth (annual %),SP.POP.GROW,2.89358996893094
Sudan,SDN,GDP per capita (current US$),NY.GDP.PCAP.CD,748.010925292969
Suriname,SUR,Population growth (annual %),SP.POP.GROW,1.10317898471941
Suriname,SUR,GDP per capita (current US$),NY.GDP.PCAP.CD,6690.04478601228
Sweden,SWE,Population growth (annual %),SP.POP.GROW,1.01372226345511
Sweden,SWE,GDP per capita (current US$),NY.GDP.PCAP.CD,51939.4297445291
Switzerland,CHE,Population growth (annual %),SP.POP.GROW,0.713313668444329
Switzerland,CHE,GDP per capita (current US$),NY.GDP.PCAP.CD,84121.9310304414
Syrian Arab Republic,SYR,Population growth (annual %),SP.POP.GROW,3.87953676012686
Syrian Arab Republic,SYR,GDP per capita (current US$),NY.GDP.PCAP.CD,1116.67924613649
Tajikistan,TJK,Population growth (annual %),SP.POP.GROW,2.26242493497438
Tajikistan,TJK,GDP per capita (current US$),NY.GDP.PCAP.CD,889.02026237745
Thailand,THA,Population growth (annual %),SP.POP.GROW,0.252691237274251
Thailand,THA,GDP per capita (current US$),NY.GDP.PCAP.CD,7630.03960991873
Timor-Leste,TLS,Population growth (annual %),SP.POP.GROW,1.46272712419968
Timor-Leste,TLS,GDP per capita (current US$),NY.GDP.PCAP.CD,1584.26384378261
Togo,TGO,Population growth (annual %),SP.POP.GROW,2.41162991553907
Togo,TGO,GDP per capita (current US$),NY.GDP.PCAP.CD,875.932659234798
Tonga,TON,Population growth (annual %),SP.POP.GROW,-0.18943275806294
Tonga,TON,GDP per capita (current US$),NY.GDP.PCAP.CD,4879.0173416227
Trinidad and Tobago,TTO,Population growth (annual %),SP.POP.GROW,1.00812051332522
Trinidad and Tobago,TTO,GDP per capita (current US$),NY.GDP.PCAP.CD,15690.9630955493
Tunisia,TUN,Population growth (annual %),SP.POP.GROW,0.969662162376028
Tunisia,TUN,GDP per capita (current US$),NY.GDP.PCAP.CD,3477.88377711232
Turkiye,TUR,Population growth (annual %),SP.POP.GROW,0.808683227368703
Turkiye,TUR,GDP per capita (current US$),NY.GDP.PCAP.CD,9103.04337531894
Turkmenistan,TKM,Population growth (annual %),SP.POP.GROW,1.52748266915759
Turkmenistan,TKM,GDP per capita (current US$),NY.GDP.PCAP.CD,7344.64823305792
Tuvalu,TUV,Population growth (annual %),SP.POP.GROW,0.834063769243882
Tuvalu,TUV,GDP per capita (current US$),NY.GDP.PCAP.CD,4949.17388770172
Uganda,UGA,Population growth (annual %),SP.POP.GROW,3.39509056427404
Uganda,UGA,GDP per capita (current US$),NY.GDP.PCAP.CD,823.138950454868
Ukraine,UKR,Population growth (annual %),SP.POP.GROW,-0.530994160113763
Ukraine,UKR,GDP per capita (current US$),NY.GDP.PCAP.CD,3661.45629882813
United Arab Emirates,ARE,Population growth (annual %),SP.POP.GROW,0.779087177439076
United Arab Emirates,ARE,GDP per capita (current US$),NY.GDP.PCAP.CD,45376.1708381558
United Kingdom,GBR,Population growth (annual %),SP.POP.GROW,0.564131113399897
United Kingdom,GBR,GDP per capita (current US$),NY.GDP.PCAP.CD,42747.080460496
Tanzania,TZA,Population growth (annual %),SP.POP.GROW,3.02174626028
Tanzania,TZA,GDP per capita (current US$),NY.GDP.PCAP.CD,1052.02172851563
Uruguay,URY,Population growth (annual %),SP.POP.GROW,0.0398806735871464
Uruguay,URY,GDP per capita (current US$),NY.GDP.PCAP.CD,17859.9314960921
United States,USA,Population growth (annual %),SP.POP.GROW,0.455381285963537
United States,USA,GDP per capita (current US$),NY.GDP.PCAP.CD,65120.3946628653
Uzbekistan,UZB,Population growth (annual %),SP.POP.GROW,1.87647016682647
Uzbekistan,UZB,GDP per capita (current US$),NY.GDP.PCAP.CD,1784.00981608195
Vanuatu,VUT,Population growth (annual %),SP.POP.GROW,2.36207637358082
Vanuatu,VUT,GDP per capita (current US$),NY.GDP.PCAP.CD,3076.58988588361
"Venezuela, RB",VEN,Population growth (annual %),SP.POP.GROW,-2.90499574537726
"Venezuela, RB",VEN,GDP per capita (current US$),NY.GDP.PCAP.CD,..
Vietnam,VNM,Population growth (annual %),SP.POP.GROW,0.904491214904611
Vietnam,VNM,GDP per capita (current US$),NY.GDP.PCAP.CD,3491.09127354876
"Yemen, Rep.",YEM,Population growth (annual %),SP.POP.GROW,2.42620792944992
"Yemen, Rep.",YEM,GDP per capita (current US$),NY.GDP.PCAP.CD,..
Zambia,ZMB,Population growth (annual %),SP.POP.GROW,3.00761810683645
Zambia,ZMB,GDP per capita (current US$),NY.GDP.PCAP.CD,1268.12094056241
Zimbabwe,ZWE,Population growth (annual %),SP.POP.GROW,1.98925274777043
Zimbabwe,ZWE,GDP per capita (current US$),NY.GDP.PCAP.CD,1421.86859641758
,,,,
,,,,
,,,,
Data from database: World Development Indicators,,,,
Last Updated: 05/10/2023,,,,
Code,License Type,Indicator Name,Short definition,Long definition,Source,Topic,Periodicity,Aggregation method,Statistical concept and methodology,License URL
SP.POP.GROW,CC BY-4.0,Population growth (annual %),"Annual population growth rate. Population is based on the de facto definition of population, which counts all residents regardless of legal status or citizenship.","Annual population growth rate for year t is the exponential rate of growth of midyear population from year t-1 to t, expressed as a percentage . Population is based on the de facto definition of population, which counts all residents regardless of legal status or citizenship.","Derived from total population. Population source: (1) United Nations Population Division. World Population Prospects: 2022 Revision, (2) Census reports and other statistical publications from national statistical offices, (3) Eurostat: Demographic Statistics, (4) United Nations Statistical Division. Population and Vital Statistics Reprot (various years), (5) U.S. Census Bureau: International Database, and (6) Secretariat of the Pacific Community: Statistics and Demography Programme.",Health: Population: Dynamics,Annual,Weighted average,"Total population growth rates are calculated on the assumption that rate of growth is constant between two points in time. The growth rate is computed using the exponential growth formula:

r = ln(pn/p0)/n, 

where r is the exponential rate of growth, ln() is the natural logarithm, pn is the end period population, p0 is the beginning period population, and n is the number of years in between. Note that this is not the geometric growth rate used to compute compound growth over discrete periods.

For information on total population from which the growth rates are calculated, see total population (SP.POP.TOTL).",https://datacatalog.worldbank.org/public-licenses#cc-by
NY.GDP.PCAP.CD,CC BY-4.0,GDP per capita (current US$),,GDP per capita is gross domestic product divided by midyear population. GDP is the sum of gross value added by all resident producers in the economy plus any product taxes and minus any subsidies not included in the value of the products. It is calculated without making deductions for depreciation of fabricated assets or for depletion and degradation of natural resources. Data are in current U.S. dollars.,"World Bank national accounts data, and OECD National Accounts data files.",Economic Policy & Debt: National accounts: US$ at current prices: Aggregate indicators,Annual,Weighted average,"For more information, see the metadata for current U.S. dollar GDP (NY.GDP.MKTP.CD) and total population (SP.POP.TOTL).",https://datacatalog.worldbank.org/public-licenses#cc-by
